Workbook

Sheet DANE_UŻYTKOWNIKA
A2: DANE UŻYTKOWNIKA
A3: Masa ciała (kg) | B3: 80
A4: 1RM Przysiad | B4: 100
A5: 1RM Wyciskanie na ławie | B5: 100
A6: 1RM Martwy ciąg | B6: 100
A7: Cel treningowy | B7: Siła

Sheet SILNIK_ANALITYCZNY
A2: Indeks siły względnej | C2: =((DANE_UŻYTKOWNIKA!B4+DANE_UŻYTKOWNIKA!B5+DANE_UŻYTKOWNIKA!B6)/3)/DANE_UŻYTKOWNIKA!B3 -> 1.25
A3: Poziom zaawansowania | C3: =IF(C2<1.2,"Początkujący",IF(C2<1.8,"Średnio zaawansowany","Zaawansowany")) -> Średnio zaawansowany
A6: Grupa mięśniowa | B6: Lewa | C6: Prawa | D6: Dysproporcja | E6: Status
A7: Tylny łańcuch mięśniowy | B7: 82 | C7: 80 | D7: =ABS(B7-C7)/MAX(B7,C7) -> 0.024390244 | E7: =IF(D7>0.2,"KRYTYCZNY",IF(D7>0.1,"ŚREDNIA","OK")) -> OK
A8: Biceps | B8: 70 | C8: 72 | D8: =ABS(B8-C8)/MAX(B8,C8) -> 0.027777778 | E8: =IF(D8>0.2,"KRYTYCZNY",IF(D8>0.1,"ŚREDNIA","OK")) -> OK
A9: Mięsień uda | B9: 41 | C9: 40 | D9: =ABS(B9-C9)/MAX(B9,C9) -> 0.024390244 | E9: =IF(D9>0.2,"KRYTYCZNY",IF(D9>0.1,"ŚREDNIA","OK")) -> OK
A10: Pośladki | B10: 92 | C10: 97 | D10: =ABS(B10-C10)/MAX(B10,C10) -> 0.051546392 | E10: =IF(D10>0.2,"KRYTYCZNY",IF(D10>0.1,"ŚREDNIA","OK")) -> OK
A12: Mnożnik objętości | B12: =IF(COUNTIF(E7:E10,"KRYTYCZNY")>0,1.2,IF(COUNTIF(E7:E10,"ŚREDNIA")>0,1.1,1)) -> 1
A13: Priorytet treningowy | B13: =IF(COUNTIF(E7:E10,"KRYTYCZNY")>0,"WYSOKI PRIORYTET", IF(COUNTIF(E7:E10,"ŚREDNIA")>0,"UMIARKOWANY PRIORYTET", IF(C3="Początkujący","Budowanie bazy siłowej","Standardowa progresja"))) -> Standardowa progresja
A16: Wskaźnik ryzyka strukturalnego | B16: =ROUND(AVERAGE(D7:D10)*100,0) -> 3
A20: Grupy mięśniowe | B20: Balans
A21: Tylny łańcuch mięśniowy | B21: =D7 -> 0.024390244
A22: Górny grzbiet | B22: =D8 -> 0.027777778
A23: Mięsień uda | B23: =D9 -> 0.024390244
A24: Pośladki | B24: =D10 -> 0.051546392

Sheet PLAN_TRENINGOWY
A2: Tydzień | B2: % | C2: Ciężar dla przysaidu w serii
A3: 1 | B3: =IF(SILNIK_ANALITYCZNY!C3="Początkujący",0.65,IF(SILNIK_ANALITYCZNY!C3="Średnio zaawansowany",0.7,0.75)) -> 0.7 | C3: =MROUND(DANE_UŻYTKOWNIKA!B4*B3,2.5) -> 70
A4: 2 | B4: =B3+0.05 -> 0.75 | C4: =MROUND(DANE_UŻYTKOWNIKA!B4*B4,2.5) -> 75
A5: 3 | B5: =B4+0.05 -> 0.8 | C5: =MROUND(DANE_UŻYTKOWNIKA!B4*B5,2.5) -> 80
A6: 4 | B6: =B5+0.05 -> 0.85 | C6: =MROUND(DANE_UŻYTKOWNIKA!B4*B6,2.5) -> 85
A9: Ćwiczenie | B9: Przysiad | C9: Serie po korekcie
A10: Serie bazowe | B10: 4 | C10: =ROUND(B10 *SILNIK_ANALITYCZNY!B12 *IF(DANE_UŻYTKOWNIKA!B7="Hipertrofia",1.2,IF(DANE_UŻYTKOWNIKA!B7="Siła",0.9,1)),0) -> 4
A11: Powtórzenia | B11: 20
A14: Ćwiczenie korekcyjne | B14: =IF(SILNIK_ANALITYCZNY!E7="KRYTYCZNY","Zalecane","Nie wymaga") -> Nie wymaga
A15: Szacowany nowy 1RM | B15: =MROUND(C6*(1+B11/30),2.5) -> 142.5
A16: Progres (%) | B16: =(B15-DANE_UŻYTKOWNIKA!B4)/DANE_UŻYTKOWNIKA!B4 -> 0.425

Sheet PANEL_GŁÓWNY
A2: Poziom | B2: =SILNIK_ANALITYCZNY!C3 -> Średnio zaawansowany
A3: Status strukturalny | B3: =IF(COUNTIF(SILNIK_ANALITYCZNY!E7:E10,"KRYTYCZNY")>0,"KRYTYCZNY",IF(COUNTIF(SILNIK_ANALITYCZNY!E7:E10,"ŚREDNIA")>0,"ŚREDNIA","OK")) -> OK
A4: Dysproporcja strukturalna | B4: =MAX(SILNIK_ANALITYCZNY!D7:D10) -> 0.051546392
A5: Priorytet treningowy | B5: =SILNIK_ANALITYCZNY!B13 -> Standardowa progresja
A6: Ryzyko strukturalne | B6: =SILNIK_ANALITYCZNY!B16 -> 3
A7: Rekomendacja systemu | B7: =IF(B3="KRYTYCZNY", "⚠ Wysokie ryzyko strukturalne – ograniczyć intensywność i wdrożyć korekcję", IF(B3="ŚREDNIA", "Zalecana modyfikacja objętości i monitorowanie asymetrii", IF(DANE_UŻYTKOWNIKA!B7="Hipertrofia", "Plan objętościowy z kontrolą techniki", "Plan siłowy ze standardową progresją"))) -> Plan siłowy ze standardową progresją
